{"x": -25.51629638671875, "y": 24.613134384155273, "z": 0.5999999642372131, "yaw": 0.15919798612594604, "pitch": 0.0, "roll": 0.0}