{"x": 321.527099609375, "y": -117.80158996582031, "z": 0.48194244503974915, "yaw": 0.9240431189537048, "pitch": 0.0, "roll": 0.0}