{"x": 170.82284545898438, "y": 195.2700958251953, "z": 0.29999998211860657, "yaw": 179.999755859375, "pitch": 0.0, "roll": 0.0}